policy,throughput_pkts_per_step,lost_pkts_per_step,avg_reward
FCFS,0.5005839602107561,0.44658270645591036,-0.9996164518987197
Proposed,0.5278606527325223,0.19038934726747836,-0.8669465680013329
