policy,throughput_pkts_per_step,lost_pkts_per_step,avg_reward
FCFS,0.6772460414168167,0.32275395858318323,0.1622950204796449
Proposed,0.7198226794265496,0.2621773205734511,0.3119497283920526
