policy,throughput_pkts_per_step,lost_pkts_per_step,avg_reward
FCFS,0.5411878329523265,0.4588121670476734,-0.7816730937315576
Proposed,0.5781518626184978,0.2341814707148365,-0.5304257471877558
